-- Add migration script here
-- Inserir dados na tabela DimCliente
INSERT INTO Cliente (ClienteID, Nome, Email, Telefone, Endereco) VALUES
(1, 'João Silva', 'joao.silva@example.com', '1234-5678', 'Rua A, 123'),
(2, 'Maria Oliveira', 'maria.oliveira@example.com', '2345-6789', 'Rua B, 456'),
(3, 'Pedro Santos', 'pedro.santos@example.com', '3456-7890', 'Rua C, 789'),
(4, 'Ana Costa', 'ana.costa@example.com', '4567-8901', 'Rua D, 101'),
(5, 'Lucas Almeida', 'lucas.almeida@example.com', '5678-9012', 'Rua E, 202'),
(6, 'Fernanda Pereira', 'fernanda.pereira@example.com', '6789-0123', 'Rua F, 303'),
(7, 'Carlos Lima', 'carlos.lima@example.com', '7890-1234', 'Rua G, 404'),
(8, 'Patrícia Fernandes', 'patricia.fernandes@example.com', '8901-2345', 'Rua H, 505'),
(9, 'Jorge Rodrigues', 'jorge.rodrigues@example.com', '9012-3456', 'Rua I, 606'),
(10, 'Isabela Martins', 'isabela.martins@example.com', '0123-4567', 'Rua J, 707'),
(11, 'Roberta Lima', 'roberta.lima@example.com', '1234-5678', 'Rua K, 808'),
(12, 'Eduardo Moreira', 'eduardo.moreira@example.com', '2345-6789', 'Rua L, 909'),
(13, 'Tatiane Souza', 'tatiane.souza@example.com', '3456-7890', 'Rua M, 010'),
(14, 'Ricardo Barbosa', 'ricardo.barbosa@example.com', '4567-8901', 'Rua N, 121'),
(15, 'Juliana Costa', 'juliana.costa@example.com', '5678-9012', 'Rua O, 232'),
(16, 'Marcio Silva', 'marcio.silva@example.com', '6789-0123', 'Rua P, 343'),
(17, 'Larissa Almeida', 'larissa.almeida@example.com', '7890-1234', 'Rua Q, 454'),
(18, 'Bruno Oliveira', 'bruno.oliveira@example.com', '8901-2345', 'Rua R, 565'),
(19, 'Camila Fernandes', 'camila.fernandes@example.com', '9012-3456', 'Rua S, 676'),
(20, 'Gustavo Santos', 'gustavo.santos@example.com', '0123-4567', 'Rua T, 787');

-- Inserir dados na tabela DimProduto
INSERT INTO Produto (ProdutoID, Nome, Categoria, Preco) VALUES
(1, 'Produto A', 'Categoria 1', 10.00),
(2, 'Produto B', 'Categoria 2', 20.00),
(3, 'Produto C', 'Categoria 1', 15.00),
(4, 'Produto D', 'Categoria 3', 25.00),
(5, 'Produto E', 'Categoria 2', 30.00),
(6, 'Produto F', 'Categoria 3', 12.00),
(7, 'Produto G', 'Categoria 1', 22.00),
(8, 'Produto H', 'Categoria 2', 18.00),
(9, 'Produto I', 'Categoria 3', 28.00),
(10, 'Produto J', 'Categoria 1', 35.00),
(11, 'Produto K', 'Categoria 2', 45.00),
(12, 'Produto L', 'Categoria 3', 40.00),
(13, 'Produto M', 'Categoria 1', 50.00),
(14, 'Produto N', 'Categoria 2', 55.00),
(15, 'Produto O', 'Categoria 3', 60.00),
(16, 'Produto P', 'Categoria 1', 65.00),
(17, 'Produto Q', 'Categoria 2', 70.00),
(18, 'Produto R', 'Categoria 3', 75.00),
(19, 'Produto S', 'Categoria 1', 80.00),
(20, 'Produto T', 'Categoria 2', 85.00);

-- Inserir dados na tabela DimData
INSERT INTO Data (DataID, Data, Ano, Mes, Dia, Trimestre, NomeMes, NomeDiaSemana) VALUES
(1, '2024-01-01', 2024, 1, 1, 1, 'Janeiro', 'Segunda-feira'),
(2, '2024-01-02', 2024, 1, 2, 1, 'Janeiro', 'Terça-feira'),
(3, '2024-01-03', 2024, 1, 3, 1, 'Janeiro', 'Quarta-feira'),
(4, '2024-02-01', 2024, 2, 1, 1, 'Fevereiro', 'Quinta-feira'),
(5, '2024-03-01', 2024, 3, 1, 1, 'Março', 'Sexta-feira'),
(6, '2024-04-01', 2024, 4, 1, 2, 'Abril', 'Segunda-feira'),
(7, '2024-05-01', 2024, 5, 1, 2, 'Maio', 'Quarta-feira'),
(8, '2024-06-01', 2024, 6, 1, 2, 'Junho', 'Sábado'),
(9, '2024-07-01', 2024, 7, 1, 3, 'Julho', 'Segunda-feira'),
(10, '2024-08-01', 2024, 8, 1, 3, 'Agosto', 'Quarta-feira'),
(11, '2024-09-01', 2024, 9, 1, 3, 'Setembro', 'Domingo'),
(12, '2024-10-01', 2024, 10, 1, 4, 'Outubro', 'Terça-feira'),
(13, '2024-11-01', 2024, 11, 1, 4, 'Novembro', 'Sábado'),
(14, '2024-12-01', 2024, 12, 1, 4, 'Dezembro', 'Domingo'),
(15, '2024-01-15', 2024, 1, 15, 1, 'Janeiro', 'Segunda-feira'),
(16, '2024-02-15', 2024, 2, 15, 1, 'Fevereiro', 'Quinta-feira'),
(17, '2024-03-15', 2024, 3, 15, 1, 'Março', 'Sexta-feira'),
(18, '2024-04-15', 2024, 4, 15, 2, 'Abril', 'Segunda-feira'),
(19, '2024-05-15', 2024, 5, 15, 2, 'Maio', 'Quarta-feira'),
(20, '2024-06-15', 2024, 6, 15, 2, 'Junho', 'Sábado');

-- Inserir dados na tabela FatoVendas
INSERT INTO Vendas (VendaID, ClienteID, ProdutoID, DataID, Quantidade, Total, Status) VALUES
(1, 1, 1, 1, 2, 20.00, 'Concluído'),
(2, 2, 2, 2, 1, 20.00, 'Cancelado'),
(3, 3, 3, 3, 3, 45.00, 'Concluído'),
(4, 4, 4, 4, 1, 25.00, 'Aprovação'),
(5, 5, 5, 5, 5, 150.00, 'Concluído'),
(6, 6, 6, 6, 2, 24.00, 'Cancelado'),
(7, 7, 7, 7, 4, 88.00, 'Aprovação'),
(8, 8, 8, 8, 1, 18.00, 'Concluído'),
(9, 9, 9, 9, 3, 84.00, 'Concluído'),
(10, 10, 10, 10, 2, 70.00, 'Aprovação'),
(11, 11, 11, 11, 1, 45.00, 'Concluído'),
(12, 12, 12, 12, 3, 120.00, 'Cancelado'),
(13, 13, 13, 13, 2, 100.00, 'Concluído'),
(14, 14, 14, 14, 1, 55.00, 'Concluído'),
(15, 15, 15, 15, 4, 240.00, 'Aprovação'),
(16, 16, 16, 16, 3, 195.00, 'Concluído'),
(17, 17, 17, 17, 2, 140.00, 'Cancelado'),
(18, 18, 18, 18, 1, 75.00, 'Concluído'),
(19, 19, 19, 19, 5, 375.00, 'Aprovação'),
(20, 20, 20, 20, 2, 170.00, 'Concluído');
